[
  {
    "id": "88e1c2ab-5c3b-4284-8bca-427f3b6af651",
    "data": [
      {
        "text": "generate an order",
        "userDefined": false
      }
    ],
    "isTemplate": false,
    "count": 0,
    "lang": "en",
    "updated": 0
  },
  {
    "id": "f03b8d26-82f1-4c58-8ee6-3940406d6192",
    "data": [
      {
        "text": "create an order",
        "userDefined": false
      }
    ],
    "isTemplate": false,
    "count": 0,
    "lang": "en",
    "updated": 0
  },
  {
    "id": "e426820c-209f-4e95-9f23-e3812eaf203f",
    "data": [
      {
        "text": "make an order",
        "userDefined": false
      }
    ],
    "isTemplate": false,
    "count": 0,
    "lang": "en",
    "updated": 0
  },
  {
    "id": "ef7eb66e-2363-4f3a-8b07-17c1346b6f84",
    "data": [
      {
        "text": "place a new order",
        "userDefined": false
      }
    ],
    "isTemplate": false,
    "count": 0,
    "lang": "en",
    "updated": 0
  },
  {
    "id": "de364f71-1740-4124-a7a4-1fd572317148",
    "data": [
      {
        "text": "new order",
        "userDefined": false
      }
    ],
    "isTemplate": false,
    "count": 0,
    "lang": "en",
    "updated": 0
  }
]