[
  {
    "id": "1b3e9177-a675-46a6-b3a1-58ddba1a037b",
    "data": [
      {
        "text": "That will be everything.",
        "userDefined": false
      }
    ],
    "isTemplate": false,
    "count": 0,
    "lang": "en",
    "updated": 0
  },
  {
    "id": "afc55ab8-b43b-4cac-8bb5-9e615787f9b3",
    "data": [
      {
        "text": "Nope",
        "userDefined": false
      }
    ],
    "isTemplate": false,
    "count": 0,
    "lang": "en",
    "updated": 0
  },
  {
    "id": "9e7a0e38-a7c3-4824-851d-68a9c0386006",
    "data": [
      {
        "text": "Process my order",
        "userDefined": false
      }
    ],
    "isTemplate": false,
    "count": 0,
    "lang": "en",
    "updated": 0
  },
  {
    "id": "0b216ffd-0b62-42de-8c51-df7a1855bff6",
    "data": [
      {
        "text": "Finalize my order",
        "userDefined": false
      }
    ],
    "isTemplate": false,
    "count": 0,
    "lang": "en",
    "updated": 0
  },
  {
    "id": "2f0848e5-78e9-4753-a8ec-0bbd4c898417",
    "data": [
      {
        "text": "Place the order.",
        "userDefined": false
      }
    ],
    "isTemplate": false,
    "count": 0,
    "lang": "en",
    "updated": 0
  },
  {
    "id": "dad1d64b-cc6b-4f0e-b3d4-5382e4c96171",
    "data": [
      {
        "text": "Place an order.",
        "userDefined": false
      }
    ],
    "isTemplate": false,
    "count": 0,
    "lang": "en",
    "updated": 0
  },
  {
    "id": "e36a2d25-717d-4cd5-a72c-69c8dffad41d",
    "data": [
      {
        "text": "No, thank you. That\u0027s all.",
        "userDefined": false
      }
    ],
    "isTemplate": false,
    "count": 0,
    "lang": "en",
    "updated": 0
  },
  {
    "id": "1ca6b108-cd66-4a57-9d75-e3acde04cd31",
    "data": [
      {
        "text": "That will be all.",
        "userDefined": false
      }
    ],
    "isTemplate": false,
    "count": 0,
    "lang": "en",
    "updated": 0
  },
  {
    "id": "cc2023cc-7213-4fc6-a66a-95e6faf0d6d2",
    "data": [
      {
        "text": "That will be it.",
        "userDefined": false
      }
    ],
    "isTemplate": false,
    "count": 0,
    "lang": "en",
    "updated": 0
  },
  {
    "id": "5f3ed583-c97e-458e-bea1-5e3fe4832a12",
    "data": [
      {
        "text": "Done.",
        "userDefined": false
      }
    ],
    "isTemplate": false,
    "count": 0,
    "lang": "en",
    "updated": 0
  },
  {
    "id": "b0e045a3-ffbd-4496-8d15-6e658f18c71d",
    "data": [
      {
        "text": "It\u0027s done.",
        "userDefined": false
      }
    ],
    "isTemplate": false,
    "count": 0,
    "lang": "en",
    "updated": 0
  },
  {
    "id": "9f92bd82-cab9-4c77-8c3f-003228b54e62",
    "data": [
      {
        "text": "That\u0027s it.",
        "userDefined": false
      }
    ],
    "isTemplate": false,
    "count": 0,
    "lang": "en",
    "updated": 0
  }
]