[
  {
    "id": "2d3b98dc-bd53-4dbe-b563-9d3e597ab63d",
    "data": [
      {
        "text": "remove ",
        "userDefined": false
      },
      {
        "text": "cinnamon apple pie",
        "meta": "@food-items",
        "alias": "food-items",
        "userDefined": true
      }
    ],
    "isTemplate": false,
    "count": 0,
    "lang": "en",
    "updated": 0
  },
  {
    "id": "4adfeb46-bdb6-44e1-b9da-441f2e7803ea",
    "data": [
      {
        "text": "remove ",
        "userDefined": false
      },
      {
        "text": "Chicken Tenders",
        "meta": "@food-items",
        "alias": "food-items",
        "userDefined": true
      }
    ],
    "isTemplate": false,
    "count": 0,
    "lang": "en",
    "updated": 0
  },
  {
    "id": "62ee2ff2-4ee7-4f9a-95e8-495861c3e1ed",
    "data": [
      {
        "text": "can you remove ",
        "userDefined": false
      },
      {
        "text": "egg mcmuffin",
        "meta": "@food-items",
        "alias": "food-items",
        "userDefined": true
      },
      {
        "text": " ?",
        "userDefined": false
      }
    ],
    "isTemplate": false,
    "count": 0,
    "lang": "en",
    "updated": 0
  },
  {
    "id": "6b90a06f-7b33-4e60-b5d9-e52e394613cb",
    "data": [
      {
        "text": "remove ",
        "userDefined": false
      },
      {
        "text": "pizza",
        "meta": "@food-items",
        "alias": "food-items",
        "userDefined": false
      },
      {
        "text": " from my order",
        "userDefined": false
      }
    ],
    "isTemplate": false,
    "count": 0,
    "lang": "en",
    "updated": 0
  },
  {
    "id": "1cac2722-1683-4e37-b81c-bbfcb0248fb4",
    "data": [
      {
        "text": "I don\u0027t want ",
        "userDefined": false
      },
      {
        "text": "burger",
        "meta": "@food-items",
        "alias": "food-items",
        "userDefined": true
      }
    ],
    "isTemplate": false,
    "count": 0,
    "lang": "en",
    "updated": 0
  },
  {
    "id": "60f655d8-a7d4-476f-9bdb-e0d4fc0e4407",
    "data": [
      {
        "text": "hey, plz get rid of \u003cspan style\u003d\"background-color: rgb(255, 209, 175);\"\u003eFrench Fries\r \u003c/span\u003e  and ",
        "userDefined": false
      },
      {
        "text": "Burritos",
        "meta": "@food-items",
        "alias": "food-items",
        "userDefined": true
      }
    ],
    "isTemplate": false,
    "count": 0,
    "lang": "en",
    "updated": 0
  },
  {
    "id": "577f2144-ff6c-4b9e-9900-82dd14e277ac",
    "data": [
      {
        "text": "delete ",
        "userDefined": false
      },
      {
        "text": "Cheeseburgers",
        "meta": "@food-items",
        "alias": "food-items",
        "userDefined": true
      },
      {
        "text": " from my order",
        "userDefined": false
      }
    ],
    "isTemplate": false,
    "count": 0,
    "lang": "en",
    "updated": 0
  },
  {
    "id": "f511018d-a159-4417-b16b-25d03d64f9ce",
    "data": [
      {
        "text": "Please take the ",
        "userDefined": false
      },
      {
        "text": "pizza",
        "meta": "@food-items",
        "alias": "food-items",
        "userDefined": false
      },
      {
        "text": " off my order",
        "userDefined": false
      }
    ],
    "isTemplate": false,
    "count": 0,
    "lang": "en",
    "updated": 0
  },
  {
    "id": "5e61f04e-a256-4ebd-9f5a-520c03b68a31",
    "data": [
      {
        "text": "I would like to remove the ",
        "userDefined": false
      },
      {
        "text": "pizza",
        "meta": "@food-items",
        "alias": "food-items",
        "userDefined": false
      },
      {
        "text": " from my order",
        "userDefined": false
      }
    ],
    "isTemplate": false,
    "count": 0,
    "lang": "en",
    "updated": 0
  },
  {
    "id": "f50c6c58-5e79-42ac-bea7-eb892b7bf934",
    "data": [
      {
        "text": "Kindly exclude the ",
        "userDefined": false
      },
      {
        "text": "fries",
        "meta": "@food-items",
        "alias": "food-items",
        "userDefined": true
      },
      {
        "text": "  from my order",
        "userDefined": false
      }
    ],
    "isTemplate": false,
    "count": 0,
    "lang": "en",
    "updated": 0
  },
  {
    "id": "d8ecee1c-d181-4beb-b3e1-7b5c52bbdabc",
    "data": [
      {
        "text": "I no longer want the ",
        "userDefined": false
      },
      {
        "text": "rava dosa",
        "meta": "@food-items",
        "alias": "food-items",
        "userDefined": false
      },
      {
        "text": " in my order, please remove it",
        "userDefined": false
      }
    ],
    "isTemplate": false,
    "count": 0,
    "lang": "en",
    "updated": 0
  },
  {
    "id": "e7e76078-d295-41d3-b167-6099d035e2f0",
    "data": [
      {
        "text": "I\u0027d like to exclude ",
        "userDefined": false
      },
      {
        "text": "pav bhaji",
        "meta": "@food-items",
        "alias": "food-items",
        "userDefined": false
      },
      {
        "text": " and ",
        "userDefined": false
      },
      {
        "text": "samosa",
        "meta": "@food-items",
        "alias": "food-items",
        "userDefined": true
      },
      {
        "text": ", please",
        "userDefined": false
      }
    ],
    "isTemplate": false,
    "count": 0,
    "lang": "en",
    "updated": 0
  },
  {
    "id": "637e7e71-aaa9-47dc-b863-bd8285de4d6d",
    "data": [
      {
        "text": "Kindly take ",
        "userDefined": false
      },
      {
        "text": "pav bhaji",
        "meta": "@food-items",
        "alias": "food-items",
        "userDefined": false
      },
      {
        "text": " and ",
        "userDefined": false
      },
      {
        "text": "samosa",
        "meta": "@food-items",
        "alias": "food-items",
        "userDefined": true
      },
      {
        "text": " off the order, please.",
        "userDefined": false
      }
    ],
    "isTemplate": false,
    "count": 0,
    "lang": "en",
    "updated": 0
  },
  {
    "id": "c9bcbab6-56f4-4113-bebe-314ad324d82b",
    "data": [
      {
        "text": "No ",
        "userDefined": false
      },
      {
        "text": "pav bhaji",
        "meta": "@food-items",
        "alias": "food-items",
        "userDefined": false
      },
      {
        "text": " and ",
        "userDefined": false
      },
      {
        "text": "samosa",
        "meta": "@food-items",
        "alias": "food-items",
        "userDefined": true
      },
      {
        "text": " in my order. please remove.",
        "userDefined": false
      }
    ],
    "isTemplate": false,
    "count": 0,
    "lang": "en",
    "updated": 0
  }
]