[
  {
    "id": "76c235e4-444e-4dce-b0fb-b318213633bb",
    "data": [
      {
        "text": "check the status of an order",
        "userDefined": false
      }
    ],
    "isTemplate": false,
    "count": 0,
    "lang": "en",
    "updated": 0
  },
  {
    "id": "254dfbc4-a28f-4848-ad36-dd01b81197f0",
    "data": [
      {
        "text": "check the status of my order",
        "userDefined": false
      }
    ],
    "isTemplate": false,
    "count": 0,
    "lang": "en",
    "updated": 0
  },
  {
    "id": "88b54128-c31a-4035-aa4c-a6c1c58c3bf9",
    "data": [
      {
        "text": "order\u0027s status",
        "userDefined": false
      }
    ],
    "isTemplate": false,
    "count": 0,
    "lang": "en",
    "updated": 0
  },
  {
    "id": "1cfa3645-d628-48f9-a227-b1e855a44466",
    "data": [
      {
        "text": "existing order",
        "userDefined": false
      }
    ],
    "isTemplate": false,
    "count": 0,
    "lang": "en",
    "updated": 0
  },
  {
    "id": "44299ed3-8a92-4f21-917a-6944e328e5b7",
    "data": [
      {
        "text": "track an existing order",
        "userDefined": false
      }
    ],
    "isTemplate": false,
    "count": 0,
    "lang": "en",
    "updated": 0
  },
  {
    "id": "3b4f2322-c1e1-4bb6-982a-98a06057bdff",
    "data": [
      {
        "text": "track an order",
        "userDefined": false
      }
    ],
    "isTemplate": false,
    "count": 0,
    "lang": "en",
    "updated": 0
  }
]