[
  {
    "id": "4ac29fcd-80aa-43c2-9885-3e1be1bd41bb",
    "data": [
      {
        "text": "781",
        "meta": "@sys.number",
        "alias": "number",
        "userDefined": true
      },
      {
        "text": " is my id",
        "userDefined": false
      }
    ],
    "isTemplate": false,
    "count": 0,
    "lang": "en",
    "updated": 0
  },
  {
    "id": "16a1f27b-c9f6-4584-96cd-d3c7b9d17b7c",
    "data": [
      {
        "text": "oh, it\u0027s ",
        "userDefined": false
      },
      {
        "text": "46",
        "meta": "@sys.number",
        "alias": "number",
        "userDefined": true
      }
    ],
    "isTemplate": false,
    "count": 0,
    "lang": "en",
    "updated": 0
  },
  {
    "id": "8b7e3de8-3abd-4336-a267-3bc8d97fbce4",
    "data": [
      {
        "text": "67",
        "meta": "@sys.number",
        "alias": "number",
        "userDefined": true
      }
    ],
    "isTemplate": false,
    "count": 0,
    "lang": "en",
    "updated": 0
  },
  {
    "id": "a415c41e-31c7-4282-8574-94665748bdfb",
    "data": [
      {
        "text": "my id is ",
        "userDefined": false
      },
      {
        "text": "78",
        "meta": "@sys.number",
        "alias": "number",
        "userDefined": false
      }
    ],
    "isTemplate": false,
    "count": 0,
    "lang": "en",
    "updated": 0
  },
  {
    "id": "8f1e6f09-7938-4cf7-9a5e-0dfb3439d16b",
    "data": [
      {
        "text": "Sure, my ID is ",
        "userDefined": false
      },
      {
        "text": "433",
        "meta": "@sys.number",
        "alias": "number",
        "userDefined": true
      }
    ],
    "isTemplate": false,
    "count": 0,
    "lang": "en",
    "updated": 0
  }
]