[
  {
    "value": "Pizza",
    "synonyms": [
      "Pizza",
      "pizzas",
      "cheese pizza",
      "peperoni pizza"
    ]
  },
  {
    "value": "Apple Pie",
    "synonyms": [
      "apple pie",
      "cinnamon apple pie",
      "Pie",
      "apple pies",
      "cinnamon apple pies"
    ]
  },
  {
    "value": "French Fries",
    "synonyms": [
      "French Fries",
      "fries",
      "french"
    ]
  },
  {
    "value": "Cheeseburger",
    "synonyms": [
      "Cheeseburger",
      "burger",
      "cheseburger",
      "cheeseeburger",
      "chiseburga",
      "burga",
      "Cheeseburgers",
      "burgers"
    ]
  },
  {
    "value": "Whopper",
    "synonyms": [
      "Whopper",
      "whapper",
      "wappa",
      "whaper",
      "whoper",
      "Whoppers"
    ]
  },
  {
    "value": "Chicken Tenders",
    "synonyms": [
      "Chicken Tenders",
      "chicken tender",
      "tender",
      "tenders"
    ]
  }
]